fromUnit,toUnit,conversion,query,heading1,value1,heading2,value2,heading3,value3,,

#lines starting with # are commented out,,,,,,,,,,,

#new queries in GLIMPSE unit conversion group
Tg,mmCO2eq,25,GHG emissions by pollutant and region (CO2eq),GHG,CH4,,,,,,
Tg,mmCO2eq,25,GHG emissions by pollutant and region (CO2eq),GHG,CH4_AWB,,,,,,
Tg,mmCO2eq,25,GHG emissions by pollutant and region (CO2eq),GHG,CH4_AGR,,,,,,
Tg,mmCO2eq,25,GHG emissions by pollutant and region (CO2eq) v2,GHG,CH4,,,,,,
Tg,mmCO2eq,25,GHG emissions by pollutant and region (CO2eq) v2,GHG,CH4_AWB,,,,,,
Tg,mmCO2eq,25,GHG emissions by pollutant and region (CO2eq) v2,GHG,CH4_AGR,,,,,,
Tg,mmCO2eq,298,GHG emissions by pollutant and region (CO2eq),GHG,N2O,,,,,,
Tg,mmCO2eq,298,GHG emissions by pollutant and region (CO2eq),GHG,N2O_AGR,,,,,,
Tg,mmCO2eq,298,GHG emissions by pollutant and region (CO2eq),GHG,N2O_AWB,,,,,,

#these should be getting reported in Gg but are getting reported in Tg
Tg,mmCO2eq,12.200,GHG emissions by pollutant and region (CO2eq),GHG,C2F6,,,,,,
Tg,mmCO2eq,7.390,GHG emissions by pollutant and region (CO2eq),GHG,CF4,,,,,,
Tg,mmCO2eq,22.800,GHG emissions by pollutant and region (CO2eq),GHG,SF6,,,,,,
Tg,mmCO2eq,14.800,GHG emissions by pollutant and region (CO2eq),GHG,HFC23,,,,,,
Tg,mmCO2eq,0.675,GHG emissions by pollutant and region (CO2eq),GHG,HFC32,,,,,,
Tg,mmCO2eq,3.500,GHG emissions by pollutant and region (CO2eq),GHG,HFC125,,,,,,
Tg,mmCO2eq,1.430,GHG emissions by pollutant and region (CO2eq),GHG,HFC134a,,,,,,
Tg,mmCO2eq,4.470,GHG emissions by pollutant and region (CO2eq),GHG,HFC143a,,,,,,
Tg,mmCO2eq,0.124,GHG emissions by pollutant and region (CO2eq),GHG,HFC152a,,,,,,
Tg,mmCO2eq,3.200,GHG emissions by pollutant and region (CO2eq),GHG,HFC227ea,,,,,,
Tg,mmCO2eq,1.640,GHG emissions by pollutant and region (CO2eq),GHG,HFC43,,,,,,
Tg,mmCO2eq,9.810,GHG emissions by pollutant and region (CO2eq),GHG,HFC236fa,,,,,,
Tg,mmCO2eq,0.794,GHG emissions by pollutant and region (CO2eq),GHG,HFC365mfc,,,,,,
Tg,mmCO2eq,1.030,GHG emissions by pollutant and region (CO2eq),GHG,HFC245fa,,,,,,

Gg,mmCO2eq,12.200,GHG emissions by pollutant and region (CO2eq),GHG,C2F6,,,,,,
Gg,mmCO2eq,7.390,GHG emissions by pollutant and region (CO2eq),GHG,CF4,,,,,,
Gg,mmCO2eq,22.800,GHG emissions by pollutant and region (CO2eq),GHG,SF6,,,,,,
Gg,mmCO2eq,14.800,GHG emissions by pollutant and region (CO2eq),GHG,HFC23,,,,,,
Gg,mmCO2eq,0.675,GHG emissions by pollutant and region (CO2eq),GHG,HFC32,,,,,,
Gg,mmCO2eq,3.500,GHG emissions by pollutant and region (CO2eq),GHG,HFC125,,,,,,
Gg,mmCO2eq,1.430,GHG emissions by pollutant and region (CO2eq),GHG,HFC134a,,,,,,
Gg,mmCO2eq,4.470,GHG emissions by pollutant and region (CO2eq),GHG,HFC143a,,,,,,
Gg,mmCO2eq,0.124,GHG emissions by pollutant and region (CO2eq),GHG,HFC152a,,,,,,
Gg,mmCO2eq,3.200,GHG emissions by pollutant and region (CO2eq),GHG,HFC227ea,,,,,,
Gg,mmCO2eq,1.640,GHG emissions by pollutant and region (CO2eq),GHG,HFC43,,,,,,
Gg,mmCO2eq,9.810,GHG emissions by pollutant and region (CO2eq),GHG,HFC236fa,,,,,,
Gg,mmCO2eq,0.794,GHG emissions by pollutant and region (CO2eq),GHG,HFC365mfc,,,,,,
Gg,mmCO2eq,1.030,GHG emissions by pollutant and region (CO2eq),GHG,HFC245fa,,,,,,

#these should be getting reported in Gg but are getting reported in Tg
Tg,mmCO2eq,12.200,F-gases by region (CO2eq),GHG,C2F6,,,,,,
Tg,mmCO2eq,7.390,F-gases by region (CO2eq),GHG,CF4,,,,,,
Tg,mmCO2eq,22.800,F-gases by region (CO2eq),GHG,SF6,,,,,,
Tg,mmCO2eq,14.800,F-gases by region (CO2eq),GHG,HFC23,,,,,,
Tg,mmCO2eq,0.675,F-gases by region (CO2eq),GHG,HFC32,,,,,,
Tg,mmCO2eq,3.500,F-gases by region (CO2eq),GHG,HFC125,,,,,,
Tg,mmCO2eq,1.430,F-gases by region (CO2eq),GHG,HFC134a,,,,,,
Tg,mmCO2eq,4.470,F-gases by region (CO2eq),GHG,HFC143a,,,,,,
Tg,mmCO2eq,0.124,F-gases by region (CO2eq),GHG,HFC152a,,,,,,
Tg,mmCO2eq,3.200,F-gases by region (CO2eq),GHG,HFC227ea,,,,,,
Tg,mmCO2eq,1.640,F-gases by region (CO2eq),GHG,HFC43,,,,,,
Tg,mmCO2eq,9.810,F-gases by region (CO2eq),GHG,HFC236fa,,,,,,
Tg,mmCO2eq,0.794,F-gases by region (CO2eq),GHG,HFC365mfc,,,,,,
Tg,mmCO2eq,1.030,F-gases by region (CO2eq),GHG,HFC245fa,,,,,,

Gg,mmCO2eq,12.200,F-gases by region (CO2eq),GHG,C2F6,,,,,,
Gg,mmCO2eq,7.390,F-gases by region (CO2eq),GHG,CF4,,,,,,
Gg,mmCO2eq,22.800,F-gases by region (CO2eq),GHG,SF6,,,,,,
Gg,mmCO2eq,14.800,F-gases by region (CO2eq),GHG,HFC23,,,,,,
Gg,mmCO2eq,0.675,F-gases by region (CO2eq),GHG,HFC32,,,,,,
Gg,mmCO2eq,3.500,F-gases by region (CO2eq),GHG,HFC125,,,,,,
Gg,mmCO2eq,1.430,F-gases by region (CO2eq),GHG,HFC134a,,,,,,
Gg,mmCO2eq,4.470,F-gases by region (CO2eq),GHG,HFC143a,,,,,,
Gg,mmCO2eq,0.124,F-gases by region (CO2eq),GHG,HFC152a,,,,,,
Gg,mmCO2eq,3.200,F-gases by region (CO2eq),GHG,HFC227ea,,,,,,
Gg,mmCO2eq,1.640,F-gases by region (CO2eq),GHG,HFC43,,,,,,
Gg,mmCO2eq,9.810,F-gases by region (CO2eq),GHG,HFC236fa,,,,,,
Gg,mmCO2eq,0.794,F-gases by region (CO2eq),GHG,HFC365mfc,,,,,,
Gg,mmCO2eq,1.030,F-gases by region (CO2eq),GHG,HFC245fa,,,,,,

#these should be getting reported in Gg but are getting reported in Tg
Tg,mmCO2eq,12.200,F-gases by sector (CO2eq),GHG,C2F6,,,,,,
Tg,mmCO2eq,7.390,F-gases by sector (CO2eq),GHG,CF4,,,,,,
Tg,mmCO2eq,22.800,F-gases by sector (CO2eq),GHG,SF6,,,,,,
Tg,mmCO2eq,14.800,F-gases by sector (CO2eq),GHG,HFC23,,,,,,
Tg,mmCO2eq,0.675,F-gases by sector (CO2eq),GHG,HFC32,,,,,,
Tg,mmCO2eq,3.500,F-gases by sector (CO2eq),GHG,HFC125,,,,,,
Tg,mmCO2eq,1.430,F-gases by sector (CO2eq),GHG,HFC134a,,,,,,
Tg,mmCO2eq,4.470,F-gases by sector (CO2eq),GHG,HFC143a,,,,,,
Tg,mmCO2eq,0.124,F-gases by sector (CO2eq),GHG,HFC152a,,,,,,
Tg,mmCO2eq,3.200,F-gases by sector (CO2eq),GHG,HFC227ea,,,,,,
Tg,mmCO2eq,1.640,F-gases by sector (CO2eq),GHG,HFC43,,,,,,
Tg,mmCO2eq,9.810,F-gases by sector (CO2eq),GHG,HFC236fa,,,,,,
Tg,mmCO2eq,0.794,F-gases by sector (CO2eq),GHG,HFC365mfc,,,,,,
Tg,mmCO2eq,1.030,F-gases by sector (CO2eq),GHG,HFC245fa,,,,,,

Gg,mmCO2eq,12.200,F-gases by sector (CO2eq),GHG,C2F6,,,,,,
Gg,mmCO2eq,7.390,F-gases by sector (CO2eq),GHG,CF4,,,,,,
Gg,mmCO2eq,22.800,F-gases by sector (CO2eq),GHG,SF6,,,,,,
Gg,mmCO2eq,14.800,F-gases by sector (CO2eq),GHG,HFC23,,,,,,
Gg,mmCO2eq,0.675,F-gases by sector (CO2eq),GHG,HFC32,,,,,,
Gg,mmCO2eq,3.500,F-gases by sector (CO2eq),GHG,HFC125,,,,,,
Gg,mmCO2eq,1.430,F-gases by sector (CO2eq),GHG,HFC134a,,,,,,
Gg,mmCO2eq,4.470,F-gases by sector (CO2eq),GHG,HFC143a,,,,,,
Gg,mmCO2eq,0.124,F-gases by sector (CO2eq),GHG,HFC152a,,,,,,
Gg,mmCO2eq,3.200,F-gases by sector (CO2eq),GHG,HFC227ea,,,,,,
Gg,mmCO2eq,1.640,F-gases by sector (CO2eq),GHG,HFC43,,,,,,
Gg,mmCO2eq,9.810,F-gases by sector (CO2eq),GHG,HFC236fa,,,,,,
Gg,mmCO2eq,0.794,F-gases by sector (CO2eq),GHG,HFC365mfc,,,,,,
Gg,mmCO2eq,1.030,F-gases by sector (CO2eq),GHG,HFC245fa,,,,,,

MTC,mmCO2eq,3.667,GHG emissions by pollutant and region (CO2eq),GHG,CO2,,,,,,
Tg,million short tons,1.1023,"NOx,SO2,PM2.5,VOC,CO,NH3 by region (short tons)",,,,,,,,
Tg,million short tons,1.1023,"NOx,SO2,PM2.5,VOC,CO,NH3 by aggregate sector (short tons)",,,,,,,,
1975$/GJ,2020$/kWh,0.017316,"Elec prices by sector (2020$/kwh)",,,,,,,,
1990$/GJ,2020$/GJ,1.98,Prices of all markets (2020$s),,,,,,,,
1975$/GJ,2020$/GJ,4.81,Prices of all markets (2020$s),,,,,,,,
1990$/m^3,2020$/m^3,1.98,Prices of all markets (2020$s),,,,,,,,
1975$/m^3,2020$/m^3,4.81,Prices of all markets (2020$s),,,,,,,,
1990$/tC,2020$/tCO2,0.54,Prices of all markets (2020$s),,,,,,,,
1975$/tC,2020$/tCO2,1.31,Prices of all markets (2020$s),,,,,,,,
1990$/m3,2020$/m3,1.98,Prices of all markets (2020$s),,,,,,,,
1975$/m3,2020$/m3,4.81,Prices of all markets (2020$s),,,,,,,,
1990$/mcal,2020$/mcal,1.98,Prices of all markets (2020$s),,,,,,,,
1975$/mcal,2020$/mcal,4.81,Prices of all markets (2020$s),,,,,,,,
1990$/kg,2020$/kg,1.98,Prices of all markets (2020$s),,,,,,,,
1975$/kg,2020$/kg,4.81,Prices of all markets (2020$s),,,,,,,,
1990$/kgN,2020$/kgN,1.98,Prices of all markets (2020$s),,,,,,,,
1975$/kgN,2020$/kgN,4.81,Prices of all markets (2020$s),,,,,,,,
1975$/megalumen-hours,2020$/megalumen-hours,4.81,Prices of all markets (2020$s),,,,,,,,
1975$/million m3,2020$/million m3,4.81,Prices of all markets (2020$s),,,,,,,,
1975$/cycle,2020$/cycle,4.81,Prices of all markets (2020$s),,,,,,,,
1990$/pass-km,2020$/pass-km,1.98,Prices of all markets (2020$s),,,,,,,,
1990$/ton-km,2020$/ton-km,1.98,Prices of all markets (2020$s),,,,,,,,
million90$,million2020$,1.98,Prices of all markets (2020$s),,,,,,,,
1990$/tC,2020$/tCO2,0.54,CO2 prices (2020$/tCO2),,,,,,,,
1975$/tC,2020$/tCO2,1.31,CO2 prices (2020$/tCO2),,,,,,,,
1975$/kg,2020$/kg,4.81,CO2 prices (2020$/tCO2),,,,,,,,
1990$/GJ,2020$/gal,0.261,Refined liquid prices (2020$/gal),,,,,,,,
1975$/GJ,2020$/gal,0.551,Refined liquid prices (2020$/gal),,,,,,,,

#Correcting units
#Tg,2023$mil,1.0,10.8 Damages with corrected units (2023$Mil),,,,,,,,
Tg,2023$bln,1.0,,GHG,Damage,,,,,,
Tg,2023$bln,1.0,,GHG,PMDAM,,,,,,
Tg,2023$bln,1.0,,GHG,O3DAM,,,,,,
1990$/pass-km,1990$/veh-km,1.0,Amortized cap costs of transport techs (corrected units),,,,,,,,
1990$/pass-km,1990$/veh-km,1.0,9.15 Transport tech amortized cap costs,,,,,,,,
1990$/ton-km,1990$/veh-km,1.0,9.15 Transport tech amortized cap costs,,,,,,,,



#EJ,billion gallons,0.13176,Transport final energy by tech and fuel,technology,*Liquids,,,,,,
#MTC,MTCO2,3.666,,,,,,,,,    